<?xml version="1.0" encoding="UTF-8"?>
<!--
  Titan OS V7.0.3 — Openbox Window Manager Configuration
  Minimal operation environment with keyboard shortcuts
-->
<openbox_config xmlns="http://openbox.org/3.4/rc">
  <resistance>
    <strength>10</strength>
    <screen_edge_strength>20</screen_edge_strength>
  </resistance>
  
  <focus>
    <focusNew>yes</focusNew>
    <followMouse>no</followMouse>
    <focusLast>yes</focusLast>
    <underMouse>no</underMouse>
    <focusDelay>200</focusDelay>
    <raiseOnFocus>no</raiseOnFocus>
  </focus>
  
  <placement>
    <policy>Smart</policy>
    <center>yes</center>
    <monitor>Primary</monitor>
    <primaryMonitor>1</primaryMonitor>
  </placement>
  
  <theme>
    <name>TitanDark</name>
    <titleLayout>NLIMC</titleLayout>
    <keepBorder>yes</keepBorder>
    <animateIconify>yes</animateIconify>
    <font place="ActiveWindow">
      <name>Cantarell</name>
      <size>10</size>
      <weight>Bold</weight>
      <slant>Normal</slant>
    </font>
    <font place="InactiveWindow">
      <name>Cantarell</name>
      <size>10</size>
      <weight>Normal</weight>
      <slant>Normal</slant>
    </font>
  </theme>
  
  <desktops>
    <number>1</number>
    <firstdesk>1</firstdesk>
    <names>
      <name>TITAN</name>
    </names>
    <popupTime>0</popupTime>
  </desktops>
  
  <resize>
    <drawContents>yes</drawContents>
    <popupShow>Nonpixel</popupShow>
    <popupPosition>Center</popupPosition>
    <popupFixedPosition>
      <x>10</x>
      <y>10</y>
    </popupFixedPosition>
  </resize>
  
  <margins>
    <top>0</top>
    <bottom>60</bottom>
    <left>0</left>
    <right>0</right>
  </margins>
  
  <dock>
    <position>Bottom</position>
    <floatingX>0</floatingX>
    <floatingY>0</floatingY>
    <noStrut>no</noStrut>
    <stacking>Above</stacking>
    <direction>Horizontal</direction>
    <autoHide>no</autoHide>
    <hideDelay>300</hideDelay>
    <showDelay>300</showDelay>
    <moveButton>Middle</moveButton>
  </dock>
  
  <keyboard>
    <!-- Trinity App Shortcuts -->
    <keybind key="Super_L">
      <action name="Execute">
        <command>/opt/titan/bin/titan-launcher</command>
      </action>
    </keybind>
    
    <keybind key="W-g">
      <action name="Execute">
        <command>python3 /opt/titan/apps/app_genesis.py</command>
      </action>
    </keybind>
    
    <keybind key="W-c">
      <action name="Execute">
        <command>python3 /opt/titan/apps/app_cerberus.py</command>
      </action>
    </keybind>
    
    <keybind key="W-k">
      <action name="Execute">
        <command>python3 /opt/titan/apps/app_kyc.py</command>
      </action>
    </keybind>
    
    <keybind key="W-b">
      <action name="Execute">
        <command>/opt/lucid-empire/bin/lucid-firefox</command>
      </action>
    </keybind>
    
    <keybind key="W-t">
      <action name="Execute">
        <command>x-terminal-emulator</command>
      </action>
    </keybind>
    
    <!-- Window Management -->
    <keybind key="A-F4">
      <action name="Close"/>
    </keybind>
    
    <keybind key="A-Tab">
      <action name="NextWindow">
        <finalactions>
          <action name="Focus"/>
          <action name="Raise"/>
          <action name="Unshade"/>
        </finalactions>
      </action>
    </keybind>
    
    <keybind key="W-Left">
      <action name="UnmaximizeFull"/>
      <action name="MoveResizeTo">
        <x>0</x>
        <y>0</y>
        <width>50%</width>
        <height>100%</height>
      </action>
    </keybind>
    
    <keybind key="W-Right">
      <action name="UnmaximizeFull"/>
      <action name="MoveResizeTo">
        <x>50%</x>
        <y>0</y>
        <width>50%</width>
        <height>100%</height>
      </action>
    </keybind>
    
    <keybind key="W-Up">
      <action name="Maximize"/>
    </keybind>
    
    <keybind key="W-Down">
      <action name="UnmaximizeFull"/>
    </keybind>
    
    <!-- Emergency Exit -->
    <keybind key="C-A-Delete">
      <action name="Execute">
        <command>systemctl poweroff</command>
      </action>
    </keybind>
  </keyboard>
  
  <mouse>
    <dragThreshold>1</dragThreshold>
    <doubleClickTime>500</doubleClickTime>
    <screenEdgeWarpTime>400</screenEdgeWarpTime>
    <screenEdgeWarpMouse>false</screenEdgeWarpMouse>
    
    <context name="Frame">
      <mousebind button="A-Left" action="Press">
        <action name="Focus"/>
        <action name="Raise"/>
      </mousebind>
      <mousebind button="A-Left" action="Click">
        <action name="Unshade"/>
      </mousebind>
      <mousebind button="A-Left" action="Drag">
        <action name="Move"/>
      </mousebind>
      <mousebind button="A-Right" action="Press">
        <action name="Focus"/>
        <action name="Raise"/>
        <action name="Unshade"/>
      </mousebind>
      <mousebind button="A-Right" action="Drag">
        <action name="Resize"/>
      </mousebind>
    </context>
    
    <context name="Titlebar">
      <mousebind button="Left" action="Drag">
        <action name="Move"/>
      </mousebind>
      <mousebind button="Left" action="DoubleClick">
        <action name="ToggleMaximize"/>
      </mousebind>
      <mousebind button="Middle" action="Press">
        <action name="Lower"/>
        <action name="FocusToBottom"/>
        <action name="Unfocus"/>
      </mousebind>
    </context>
    
    <context name="Close">
      <mousebind button="Left" action="Release">
        <action name="Close"/>
      </mousebind>
    </context>
    
    <context name="Desktop">
      <mousebind button="Right" action="Press">
        <action name="ShowMenu">
          <menu>root-menu</menu>
        </action>
      </mousebind>
    </context>
  </mouse>
  
  <menu>
    <file>menu.xml</file>
    <hideDelay>200</hideDelay>
    <middle>no</middle>
    <submenuShowDelay>100</submenuShowDelay>
    <submenuHideDelay>400</submenuHideDelay>
    <showIcons>yes</showIcons>
    <manageDesktops>yes</manageDesktops>
  </menu>
  
  <applications>
    <!-- Trinity Apps - Always on top, no decoration clutter -->
    <application name="app_genesis*" class="*">
      <decor>yes</decor>
      <shade>no</shade>
      <focus>yes</focus>
      <layer>normal</layer>
    </application>
    
    <application name="app_cerberus*" class="*">
      <decor>yes</decor>
      <shade>no</shade>
      <focus>yes</focus>
      <layer>normal</layer>
    </application>
    
    <application name="app_kyc*" class="*">
      <decor>yes</decor>
      <shade>no</shade>
      <focus>yes</focus>
      <layer>normal</layer>
    </application>
    
    <!-- Browser - Maximized by default -->
    <application name="firefox*" class="Firefox">
      <maximized>true</maximized>
      <decor>yes</decor>
    </application>
    
    <application name="chromium*" class="Chromium">
      <maximized>true</maximized>
      <decor>yes</decor>
    </application>
  </applications>
</openbox_config>
