{
  "meta": {
    "timestamp": "2026-02-25T20-35-15Z",
    "host": "72.62.72.48",
    "user": "root",
    "remote_root": "/opt/titan",
    "local_root": "C:\\Users\\Administrator\\Downloads\\titan-7\\titan-7\\titan-7"
  },
  "folder_parity": [
    {
      "folder": ".github",
      "local_files": 5,
      "remote_files": 5,
      "status": "pass",
      "note": "exact match"
    },
    {
      "folder": "config",
      "local_files": 4,
      "remote_files": 9,
      "status": "warn",
      "note": "count drift (>=80% mirrored)"
    },
    {
      "folder": "docs",
      "local_files": 76,
      "remote_files": 76,
      "status": "pass",
      "note": "exact match"
    },
    {
      "folder": "hostinger-dev",
      "local_files": 6,
      "remote_files": 7,
      "status": "warn",
      "note": "count drift (>=80% mirrored)"
    },
    {
      "folder": "iso",
      "local_files": 159,
      "remote_files": 191,
      "status": "warn",
      "note": "count drift (>=80% mirrored)"
    },
    {
      "folder": "modelfiles",
      "local_files": 4,
      "remote_files": 6,
      "status": "warn",
      "note": "count drift (>=80% mirrored)"
    },
    {
      "folder": "plans",
      "local_files": 1,
      "remote_files": 1,
      "status": "pass",
      "note": "exact match"
    },
    {
      "folder": "scripts",
      "local_files": 35,
      "remote_files": 50,
      "status": "warn",
      "note": "count drift (>=80% mirrored)"
    },
    {
      "folder": "src",
      "local_files": 266,
      "remote_files": 426,
      "status": "warn",
      "note": "count drift (>=80% mirrored)"
    },
    {
      "folder": "tests",
      "local_files": 14,
      "remote_files": 28,
      "status": "warn",
      "note": "count drift (>=80% mirrored)"
    },
    {
      "folder": "training",
      "local_files": 49,
      "remote_files": 76,
      "status": "warn",
      "note": "count drift (>=80% mirrored)"
    }
  ],
  "critical_files": [
    {
      "path": "/opt/titan/core/titan_api.py",
      "present": true
    },
    {
      "path": "/opt/titan/core/integration_bridge.py",
      "present": true
    },
    {
      "path": "/opt/titan/core/titan_session.py",
      "present": true
    },
    {
      "path": "/opt/titan/core/kyc_core.py",
      "present": true
    },
    {
      "path": "/opt/titan/core/kyc_enhanced.py",
      "present": true
    },
    {
      "path": "/opt/titan/core/kyc_voice_engine.py",
      "present": true
    },
    {
      "path": "/opt/titan/core/waydroid_sync.py",
      "present": true
    },
    {
      "path": "/opt/titan/core/cockpit_daemon.py",
      "present": true
    },
    {
      "path": "/opt/titan/apps/titan_dev_hub.py",
      "present": true
    },
    {
      "path": "/opt/titan/apps/app_kyc.py",
      "present": true
    },
    {
      "path": "/opt/titan/apps/titan_launcher.py",
      "present": true
    },
    {
      "path": "/opt/titan/apps/app_unified.py",
      "present": true
    },
    {
      "path": "/opt/titan/apps/app_genesis.py",
      "present": true
    },
    {
      "path": "/opt/titan/apps/app_cerberus.py",
      "present": true
    },
    {
      "path": "/opt/titan/scripts/setup_waydroid_android.sh",
      "present": true
    },
    {
      "path": "/opt/titan/scripts/deploy_android_vm.sh",
      "present": true
    }
  ],
  "python_syntax": {
    "checked": 417,
    "failed": []
  },
  "imports": {
    "results": [
      {
        "module": "integration_bridge",
        "ok": true,
        "error": ""
      },
      {
        "module": "titan_session",
        "ok": true,
        "error": ""
      },
      {
        "module": "titan_api",
        "ok": true,
        "error": ""
      },
      {
        "module": "kyc_core",
        "ok": true,
        "error": ""
      },
      {
        "module": "kyc_enhanced",
        "ok": true,
        "error": ""
      },
      {
        "module": "kyc_voice_engine",
        "ok": true,
        "error": ""
      },
      {
        "module": "waydroid_sync",
        "ok": true,
        "error": ""
      },
      {
        "module": "cockpit_daemon",
        "ok": true,
        "error": ""
      }
    ],
    "error": ""
  },
  "services": [
    {
      "service": "redis-server",
      "required": true,
      "active": "active",
      "enabled": "enabled"
    },
    {
      "service": "ollama",
      "required": true,
      "active": "active",
      "enabled": "enabled"
    },
    {
      "service": "xray",
      "required": true,
      "active": "active",
      "enabled": "enabled"
    },
    {
      "service": "ntfy",
      "required": true,
      "active": "active",
      "enabled": "enabled"
    },
    {
      "service": "titan-dev-hub",
      "required": true,
      "active": "active",
      "enabled": "enabled"
    },
    {
      "service": "titan-api",
      "required": true,
      "active": "active",
      "enabled": "enabled"
    },
    {
      "service": "xrdp",
      "required": true,
      "active": "active",
      "enabled": "enabled"
    },
    {
      "service": "lightdm",
      "required": false,
      "active": "failed",
      "enabled": "enabled"
    },
    {
      "service": "lucid-console",
      "required": false,
      "active": "inactive",
      "enabled": "enabled"
    },
    {
      "service": "lucid-ebpf",
      "required": false,
      "active": "active",
      "enabled": "enabled"
    },
    {
      "service": "lucid-titan",
      "required": false,
      "active": "active",
      "enabled": "enabled"
    },
    {
      "service": "titan-dns",
      "required": false,
      "active": "active",
      "enabled": "enabled"
    },
    {
      "service": "titan-first-boot",
      "required": false,
      "active": "inactive",
      "enabled": "enabled"
    },
    {
      "service": "titan-patch-bridge",
      "required": false,
      "active": "active",
      "enabled": "enabled"
    },
    {
      "service": "waydroid-container",
      "required": false,
      "active": "active",
      "enabled": "enabled"
    },
    {
      "service": "titan-waydroid",
      "required": false,
      "active": "inactive",
      "enabled": "disabled"
    }
  ],
  "tools": [
    {
      "tool": "python3",
      "present": true,
      "path": "/usr/bin/python3"
    },
    {
      "tool": "pip3",
      "present": true,
      "path": "/usr/bin/pip3"
    },
    {
      "tool": "git",
      "present": true,
      "path": "/usr/bin/git"
    },
    {
      "tool": "curl",
      "present": true,
      "path": "/usr/bin/curl"
    },
    {
      "tool": "ffmpeg",
      "present": true,
      "path": "/usr/bin/ffmpeg"
    },
    {
      "tool": "node",
      "present": true,
      "path": "/usr/bin/node"
    },
    {
      "tool": "npm",
      "present": true,
      "path": "/usr/bin/npm"
    },
    {
      "tool": "redis-cli",
      "present": true,
      "path": "/usr/bin/redis-cli"
    },
    {
      "tool": "ollama",
      "present": true,
      "path": "/usr/local/bin/ollama"
    },
    {
      "tool": "waydroid",
      "present": true,
      "path": "/usr/bin/waydroid"
    },
    {
      "tool": "xrdp",
      "present": true,
      "path": "/usr/sbin/xrdp"
    },
    {
      "tool": "Xvnc",
      "present": true,
      "path": "/usr/bin/Xvnc"
    }
  ],
  "api": [
    {
      "endpoint": "http://127.0.0.1:5000/api/v1/health",
      "http_code": "000",
      "ok": false,
      "sample": "{\"ok\":true,\"service\":\"titan-dev-hub\",\"timestamp\":\"2026-02-25T20:19:16.957511+00:00\",\"titan_root\":\"/opt/titan\"}"
    },
    {
      "endpoint": "http://127.0.0.1:5000/api/v1/modules",
      "http_code": "000",
      "ok": false,
      "sample": "{\"ok\":true,\"service\":\"titan-dev-hub\",\"timestamp\":\"2026-02-25T20:19:16.957511+00:00\",\"titan_root\":\"/opt/titan\"}"
    },
    {
      "endpoint": "http://127.0.0.1:5000/api/v1/android/status",
      "http_code": "000",
      "ok": false,
      "sample": "{\"ok\":true,\"service\":\"titan-dev-hub\",\"timestamp\":\"2026-02-25T20:19:16.957511+00:00\",\"titan_root\":\"/opt/titan\"}"
    },
    {
      "endpoint": "http://127.0.0.1:8877/api/health",
      "http_code": "200",
      "ok": true,
      "sample": "{\"ok\":true,\"service\":\"titan-dev-hub\",\"timestamp\":\"2026-02-25T20:35:43.305388+00:00\",\"titan_root\":\"/opt/titan\"}"
    }
  ],
  "waydroid": {
    "installed": true,
    "binary": "/usr/bin/waydroid",
    "binder_nodes": [
      "/dev/binder"
    ],
    "status": "Waydroid is not initialized, run \"waydroid init\"",
    "images": {
      "/var/lib/waydroid/images/system.img": false,
      "/var/lib/waydroid/images/vendor.img": false
    }
  },
  "gui": {
    "xrdp_installed": true,
    "xrdp_binary": "/usr/sbin/xrdp",
    "xrdp_startwm_exists": true,
    "xrdp_startwm_xfce": true,
    "desktop_user_present": true,
    "xrdp_listener_count": 1,
    "xrdp_port_listening": true
  },
  "summary": {
    "pass": 51,
    "warn": 16,
    "fail": 0
  }
}